구별,살인,강도,강간,절도,폭력,살인검거율,강도검거율,강간검거율,절도검거율,폭력검거율,범죄,검거
강남구,0.3076923076923084,0.7142857142857142,0.565243921042194,0.41604966975693514,0.7475830830771333,76.92307692307693,85.71428571428571,77.728285077951,42.857142857142854,86.48459383753502,369.7073844099915,2.7508546958542848
강동구,0.25000000000000044,1.0,0.5870653319283454,0.09426207085409954,0.3261816773491848,75.0,100.0,78.84615384615384,33.34742180896027,82.89085545722715,370.08443111234124,2.25750908013163
강북구,1.0,0.8571428571428572,0.6555197421434324,0.42413998744576165,1.0,100.0,92.85714285714286,82.35294117647058,43.09623430962343,88.63722159305398,406.94353993629085,3.9368025867320515
강서구,1.0,1.0,0.47100805186656913,0.9999999999999998,0.5444315870959322,100.0,100.0,72.90076335877863,60.1145038167939,84.75210477081384,417.7673719463864,4.015439638962501
관악구,0.666666666666667,1.0,0.3960830479452053,0.0,0.0,88.88888888888889,100.0,69.0625,30.56171470805617,80.10915706488781,368.6222606618329,2.062749714611872
광진구,1.0,1.0,0.8373287671232874,0.3938447421346205,0.3445637603967686,100.0,100.0,91.66666666666666,42.2009253139458,83.04761904761905,416.91521102823145,3.5757372696546765
구로구,0.25000000000000044,0.46666666666666656,0.18722273680105284,0.25415842827874924,0.0901487528849696,75.0,73.33333333333333,58.362989323843415,38.07280513918629,80.87795144662454,325.64707924298756,1.2481965846314387
금천구,1.0,1.0,0.6251020593304908,0.8834049155065631,0.7453363204505852,100.0,100.0,80.79470198675497,56.66879387364391,86.46543330087634,423.92892916127516,4.2538432952876395
노원구,1.0,1.0,0.246923023433697,0.2017945943287709,0.6357254480484809,100.0,100.0,61.42131979695431,36.52530779753762,85.53066470804261,383.4772923025345,3.084443065810949
도봉구,1.0,1.0,1.0,0.48744501092293446,0.8814351386049548,100.0,100.0,100.0,44.96707431796801,87.62609280430397,432.593167122272,4.3688801495278895
동대문구,1.0,1.0,0.695344049410088,0.3562656525599106,0.8551444165884661,100.0,100.0,84.39306358381504,41.090358404846036,87.40188383045526,412.8853058191163,3.9067541185584647
동작구,1.0,0.11111111111111116,0.0,0.16515004804844446,0.34941670069129493,100.0,55.55555555555556,48.771929824561404,35.442359249329755,83.0890052356021,322.8588498650488,1.6256778598508506
마포구,1.0,0.4285714285714286,0.6879368185630419,0.04257622346137735,0.5084427219598204,100.0,71.42857142857143,84.01360544217688,31.81996086105675,84.44518940663761,371.7073271384427,2.6675271925556685
서대문구,1.0,0.6000000000000001,0.6197295854830103,0.3440203926515324,0.3647588831926605,100.0,80.0,80.51948051948052,40.728476821192054,83.21984435797665,384.46780169864917,2.9285088613272032
서초구,0.25000000000000044,0.33333333333333326,0.28474328139705096,0.3668844867773622,0.8611506598555216,75.0,66.66666666666666,63.358778625954194,41.40417457305503,87.45310546060858,333.88272532628446,2.0961117613632685
성동구,1.0,0.7777777777777777,0.8915525114155249,0.22293172241124015,0.7538996043403827,100.0,88.88888888888889,94.44444444444444,37.14996888612321,86.53846153846155,407.02176375791805,3.6461616159449255
성북구,1.0,0.6000000000000001,0.6616438356164385,0.3705535302833005,0.45326721964431194,100.0,80.0,82.66666666666667,41.51260504201681,83.97464916251698,388.15392087120046,3.085464585544051
송파구,0.7272727272727275,0.5384615384615388,0.6273349937733499,0.14532376108760214,0.5210086027135219,90.9090909090909,76.92307692307693,80.9090909090909,34.85643717196666,84.55235204855842,368.1500479617838,2.55940162330874
양천구,1.0,0.0,0.7559931506849313,0.16898035678205692,0.09375767615192743,100.0,50.0,87.5,35.55555555555556,80.90872857712236,353.9642841326779,2.0187311836189155
영등포구,0.5714285714285716,0.8181818181818181,0.2588808915718597,0.08236910228646277,0.3266368081546922,85.71428571428571,90.9090909090909,62.03389830508475,32.99595141700405,82.89473684210526,354.54796318757064,2.0574971916234044
용산구,1.0,1.0,0.7886950995622086,0.24156744571586763,0.3532799434940763,100.0,100.0,89.17525773195877,37.70070648683366,83.1219512195122,409.99791543830463,3.383542488772153
은평구,1.0,0.33333333333333326,0.7060158441987125,0.22284261194129318,0.7986935732037992,100.0,66.66666666666666,84.93975903614458,37.14733542319749,86.92046739540143,375.67422852141016,3.060885362677138
종로구,0.5000000000000004,0.6363636363636367,0.5374277738102966,0.26266424761325036,0.48119529966146324,83.33333333333334,81.81818181818183,76.30331753554502,38.324175824175825,84.21282163105103,363.9918301422871,2.4176509574486476
중구,0.0,0.33333333333333326,0.3225221595487511,0.10662280084370068,0.9615541048047298,66.66666666666666,66.66666666666666,65.29411764705883,33.712715855573,88.3093525179856,320.6495193539508,1.7240323985305148
중랑구,0.7692307692307692,0.6363636363636367,0.5928869679876934,0.2797477109240374,0.5201623592935931,92.3076923076923,81.81818181818183,79.14438502673798,38.82903981264637,84.54513523006673,376.6444341953252,2.79839144379973
