구별,Unnamed: 0,강간 발생,강도 발생,살인 발생,절도 발생,폭력 발생,살인검거율,강도검거율,강간검거율,절도검거율,폭력검거율
강남구,47,449,21,13,3850,4284,76.92307692307693,85.71428571428571,77.728285077951,42.857142857142854,86.48459383753502
강동구,20,156,6,4,2366,2712,75.0,100.0,78.84615384615384,33.34742180896027,82.89085545722715
강북구,14,153,14,7,1434,2649,100.0,92.85714285714286,82.35294117647058,43.09623430962343,88.63722159305398
강서구,19,262,13,7,2096,3207,100.0,100.0,72.90076335877863,60.1145038167939,84.75210477081384
관악구,18,320,12,9,2706,3298,88.88888888888889,100.0,69.0625,30.56171470805617,80.10915706488781
광진구,12,240,14,4,3026,2625,100.0,100.0,91.66666666666666,42.2009253139458,83.04761904761905
구로구,22,281,15,8,2335,3007,75.0,73.33333333333333,58.362989323843415,38.07280513918629,80.87795144662454
금천구,15,151,6,3,1567,2054,100.0,100.0,80.79470198675497,56.66879387364391,86.46543330087634
노원구,26,197,7,10,2193,2723,100.0,100.0,61.42131979695431,36.52530779753762,85.53066470804261
도봉구,29,102,9,3,1063,1487,100.0,100.0,100.0,44.96707431796801,87.62609280430397
동대문구,7,173,13,5,1981,2548,100.0,100.0,84.39306358381504,41.090358404846036,87.40188383045526
동작구,11,285,9,5,1865,1910,100.0,55.55555555555556,48.771929824561404,35.442359249329755,83.0890052356021
마포구,8,294,14,8,2555,2983,100.0,71.42857142857143,84.01360544217688,31.81996086105675,84.44518940663761
서대문구,3,154,5,2,1812,2056,100.0,80.0,80.51948051948052,40.728476821192054,83.21984435797665
서초구,50,393,9,8,2635,2399,75.0,66.66666666666666,63.358778625954194,41.40417457305503,87.45310546060858
성동구,10,126,9,4,1607,1612,100.0,88.88888888888889,94.44444444444444,37.14996888612321,86.53846153846155
성북구,27,150,5,5,1785,2209,100.0,80.0,82.66666666666667,41.51260504201681,83.97464916251698
송파구,25,220,13,11,3239,3295,90.9090909090909,76.92307692307693,80.9090909090909,34.85643717196666,84.55235204855842
양천구,24,120,6,3,1890,2509,100.0,50.0,87.5,35.55555555555556,80.90872857712236
영등포구,9,295,22,14,2964,3572,85.71428571428571,90.9090909090909,62.03389830508475,32.99595141700405,82.89473684210526
용산구,5,194,14,5,1557,2050,100.0,100.0,89.17525773195877,37.70070648683366,83.1219512195122
은평구,41,166,9,3,1914,2653,100.0,66.66666666666666,84.93975903614458,37.14733542319749,86.92046739540143
종로구,5,211,11,6,2184,2293,83.33333333333334,81.81818181818183,76.30331753554502,38.324175824175825,84.21282163105103
중구,2,170,9,3,2548,2224,66.66666666666666,66.66666666666666,65.29411764705883,33.712715855573,88.3093525179856
중랑구,16,187,11,13,2135,2847,92.3076923076923,81.81818181818183,79.14438502673798,38.82903981264637,84.54513523006673
